doctor_id,department_id,first_name,last_name,specialization,experience_years,salary,phone,email,joining_date
1,1,Amara,Agate,Psychiatrist,9,2369499,4997278755,doctor1@hospital.com,2015-08-17
2,1,Ekanta,Gulati,Psychiatrist,12,1768303,9636057662,doctor2@hospital.com,2016-07-25
3,1,Garima,Chaudhry,Psychiatrist,30,1647764,1870262174,doctor3@hospital.com,2019-07-08
4,1,Falguni,Walla,Psychiatrist,5,2458625,5780913431,doctor4@hospital.com,2015-05-24
5,1,Chandani,Balakrishnan,Psychiatrist,7,812182,5045562386,doctor5@hospital.com,2010-01-07
6,2,Lavanya,Khosla,Dermatologist,6,1591447,9237474074,doctor6@hospital.com,2015-05-09
7,2,Hemani,Mistry,Dermatologist,11,2304624,4743671369,doctor7@hospital.com,2026-05-16
8,3,Chakrika,Bains,Emergency Physician,31,1496521,4090974395,doctor8@hospital.com,2011-07-13
9,3,Laksh,Chatterjee,Emergency Physician,26,845934,4709521456,doctor9@hospital.com,2022-04-01
10,3,Jasmit,Wali,Emergency Physician,11,2189528,2474517123,doctor10@hospital.com,2008-04-28
11,3,Megha,Atwal,Emergency Physician,1,2237547,8175496513,doctor11@hospital.com,2024-03-15
12,3,Falak,Kant,Emergency Physician,17,2508443,7461200471,doctor12@hospital.com,2009-03-26
13,4,Sudiksha,Prabhakar,Oncologist,28,2931061,9261796405,doctor13@hospital.com,2025-07-12
14,4,Janani,Chaudhary,Oncologist,32,1249264,8506431713,doctor14@hospital.com,2022-04-03
15,4,Yagnesh,Dass,Oncologist,13,1844482,1839335290,doctor15@hospital.com,2017-04-28
16,4,Owen,Choudhary,Oncologist,14,845296,2053950240,doctor16@hospital.com,2008-10-16
17,5,Devansh,Soni,Cardiologist,21,839768,5891783908,doctor17@hospital.com,2007-09-26
18,5,Varenya,Ratti,Cardiologist,4,3050218,1771159212,doctor18@hospital.com,2017-06-26
19,6,Ekta,Raj,Ophthalmologist,33,2827704,7896118367,doctor19@hospital.com,2023-01-25
20,6,Mohini,Sagar,Ophthalmologist,11,838570,5654527111,doctor20@hospital.com,2021-05-30
21,6,Kashish,De,Ophthalmologist,33,936011,9885165604,doctor21@hospital.com,2008-08-03
22,6,Yashica,Kala,Ophthalmologist,12,887399,7315851493,doctor22@hospital.com,2018-10-16
23,6,Atharv,Loke,Ophthalmologist,5,3432046,2445502296,doctor23@hospital.com,2008-05-09
24,7,Tanveer,Puri,General Physician,26,1102840,7525459910,doctor24@hospital.com,2007-07-07
25,7,Finn,Magar,General Physician,16,3028162,6797643815,doctor25@hospital.com,2020-01-31
26,7,Vidhi,Vyas,General Physician,3,3197874,0369003432,doctor26@hospital.com,2008-12-01
27,8,Widisha,Sani,Neurologist,27,3357222,2683885160,doctor27@hospital.com,2024-12-10
28,8,Dhriti,Sanghvi,Neurologist,34,1926951,6416052975,doctor28@hospital.com,2011-05-21
29,9,Nandini,Viswanathan,Pediatrician,14,3409034,6453521818,doctor29@hospital.com,2013-07-16
30,9,Manbir,Keer,Pediatrician,21,1601121,2432921277,doctor30@hospital.com,2020-02-21
31,9,Ekantika,Mutti,Pediatrician,17,2260046,7177449058,doctor31@hospital.com,2015-07-23
32,9,Dakshesh,Pillay,Pediatrician,9,3417272,1199867980,doctor32@hospital.com,2012-12-12
33,10,Vamakshi,Thaker,Pulmonologist,30,1926143,0715182037,doctor33@hospital.com,2018-09-18
34,10,Januja,Pradhan,Pulmonologist,5,639071,6659051518,doctor34@hospital.com,2020-12-28
35,10,Mason,Nath,Pulmonologist,30,3205330,9254629148,doctor35@hospital.com,2019-12-03
36,10,Girik,Sampath,Pulmonologist,7,907277,0542357332,doctor36@hospital.com,2023-05-29
37,11,Harrison,Tripathi,Oncologist,33,1712331,5929622292,doctor37@hospital.com,2013-10-21
38,11,Wazir,Sawhney,Oncologist,9,2063849,7383473597,doctor38@hospital.com,2016-07-29
39,11,Omya,Edwin,Oncologist,5,1624603,9240758181,doctor39@hospital.com,2011-12-22
40,12,Yochana,Din,Psychiatrist,19,1261638,1375060685,doctor40@hospital.com,2014-01-06
41,12,Ayaan,Nagar,Psychiatrist,29,2878421,5220472779,doctor41@hospital.com,2011-08-21
42,12,Mason,Wable,Psychiatrist,20,3165562,1434103697,doctor42@hospital.com,2018-06-15
43,12,Amol,Varma,Psychiatrist,34,632812,2460953962,doctor43@hospital.com,2007-11-15
44,13,Yashica,Tripathi,Pulmonologist,7,1163257,6706540515,doctor44@hospital.com,2021-03-22
45,13,Gaurangi,Deol,Pulmonologist,17,1084142,5852772217,doctor45@hospital.com,2007-05-25
46,13,Ryan,Barman,Pulmonologist,7,2920388,4868740345,doctor46@hospital.com,2009-01-03
47,13,Jhalak,Sarkar,Pulmonologist,10,1742311,7652775841,doctor47@hospital.com,2018-07-26
48,14,Pranit,Memon,Emergency Physician,14,2038144,1154479627,doctor48@hospital.com,2021-01-20
49,14,Ira,Saran,Emergency Physician,14,3483571,0165820297,doctor49@hospital.com,2011-03-28
50,14,Jeevika,Pathak,Emergency Physician,17,2719839,9092755719,doctor50@hospital.com,2014-06-24
51,14,Arya,Krish,Emergency Physician,32,1653278,0278681447,doctor51@hospital.com,2020-05-25
52,15,Vritti,Iyengar,Dermatologist,6,3260381,2172715518,doctor52@hospital.com,2023-07-19
53,15,Owen,Pathak,Dermatologist,28,1760480,1323705895,doctor53@hospital.com,2018-10-04
54,16,Gabriel,Bhatti,Nephrologist,1,1999037,6786691251,doctor54@hospital.com,2013-05-29
55,16,Qabil,Dayal,Nephrologist,9,3272247,8018242253,doctor55@hospital.com,2023-06-09
56,17,Zashil,Hegde,Pediatrician,11,2453192,2498182992,doctor56@hospital.com,2013-04-09
57,17,Benjamin,Balakrishnan,Pediatrician,28,2952613,0943969078,doctor57@hospital.com,2011-06-01
58,17,Nidra,Mishra,Pediatrician,1,1069233,1027677359,doctor58@hospital.com,2021-03-15
59,17,Hemani,Rastogi,Pediatrician,5,3498346,5881537147,doctor59@hospital.com,2007-07-13
60,18,Leena,Sahota,Neurologist,35,751112,2595327877,doctor60@hospital.com,2008-04-26
61,18,Maya,Tiwari,Neurologist,24,3043222,3395004797,doctor61@hospital.com,2023-06-18
62,18,Raagini,Desai,Neurologist,10,2402656,5650609835,doctor62@hospital.com,2014-03-31
63,19,Shravya,Mammen,Cardiologist,3,1892929,2165585239,doctor63@hospital.com,2007-04-29
64,19,Balvan,Devan,Cardiologist,24,767331,7872982595,doctor64@hospital.com,2021-04-21
65,19,Chandani,Nayar,Cardiologist,23,1481124,9470551694,doctor65@hospital.com,2011-10-30
66,20,Vedant,Behl,Urologist,7,2083435,2896230913,doctor66@hospital.com,2014-11-23
67,20,Nitara,Jani,Urologist,27,3203243,8970283857,doctor67@hospital.com,2025-08-26
68,20,Tripti,Walia,Urologist,10,1592948,8549733484,doctor68@hospital.com,2020-08-13
69,21,Vrinda,Nadig,Ophthalmologist,12,2329288,5844198665,doctor69@hospital.com,2012-04-09
70,21,Farhan,Pal,Ophthalmologist,2,1352293,4733848421,doctor70@hospital.com,2011-05-15
71,21,Upkaar,Kaul,Ophthalmologist,22,2326850,1657120826,doctor71@hospital.com,2021-08-20
72,22,Bhavna,Nagi,Orthopedic Surgeon,18,1267724,0193802620,doctor72@hospital.com,2025-04-01
73,22,Bimala,Barad,Orthopedic Surgeon,7,2204496,4991547887,doctor73@hospital.com,2011-12-23
74,22,Isaiah,Narayanan,Orthopedic Surgeon,3,2574217,7420549329,doctor74@hospital.com,2013-01-28
75,23,Nandini,Chandran,Psychiatrist,13,2530651,2753046374,doctor75@hospital.com,2020-12-22
76,23,Advay,Lal,Psychiatrist,23,1880063,3017426841,doctor76@hospital.com,2010-12-08
77,23,Kiaan,Sridhar,Psychiatrist,15,1535009,7956878339,doctor77@hospital.com,2017-01-30
78,24,Janaki,Brahmbhatt,Pediatrician,13,2271287,0883982258,doctor78@hospital.com,2020-11-09
79,24,Vrinda,Chand,Pediatrician,22,1768545,0728679087,doctor79@hospital.com,2011-08-10
80,25,Aarush,Kamdar,Neurologist,18,2072813,0651801704,doctor80@hospital.com,2021-11-01
81,25,Osha,Prasad,Neurologist,33,2276372,7661825128,doctor81@hospital.com,2021-01-28
82,26,Udant,Aggarwal,ENT Specialist,2,1083778,4786863375,doctor82@hospital.com,2025-04-07
83,26,Isaiah,Balay,ENT Specialist,17,1348967,9033119079,doctor83@hospital.com,2014-07-25
84,26,Vivaan,Zacharia,ENT Specialist,17,760462,0284395995,doctor84@hospital.com,2026-03-26
85,26,Timothy,Sachdev,ENT Specialist,7,3102201,4089268705,doctor85@hospital.com,2020-06-11
86,27,Nilima,Dixit,Oncologist,23,1915658,6287334270,doctor86@hospital.com,2017-08-30
87,27,Krish,Rama,Oncologist,28,3142624,4351751830,doctor87@hospital.com,2018-07-30
88,27,Elijah,Guha,Oncologist,33,1085053,7354033173,doctor88@hospital.com,2024-10-26
89,27,Ekanta,Mandal,Oncologist,25,3018385,7854458771,doctor89@hospital.com,2013-12-06
90,27,Odika,Bath,Oncologist,13,1668383,2048996423,doctor90@hospital.com,2017-11-30
91,28,Yatan,Tata,Ophthalmologist,28,607093,4777252287,doctor91@hospital.com,2016-12-30
92,28,Falan,Bava,Ophthalmologist,34,2858431,6231203875,doctor92@hospital.com,2024-10-09
93,29,Vinaya,Babu,Dermatologist,24,2408992,8860084840,doctor93@hospital.com,2008-08-28
94,29,Gopal,Viswanathan,Dermatologist,5,3386014,3398454615,doctor94@hospital.com,2011-05-20
95,29,Upkaar,Mital,Dermatologist,22,3213703,0166687002,doctor95@hospital.com,2019-06-02
96,30,Garima,Chandran,Orthopedic Surgeon,8,1859642,3397401489,doctor96@hospital.com,2006-10-31
97,30,Sarthak,Dhawan,Orthopedic Surgeon,33,1897233,1429396856,doctor97@hospital.com,2021-06-05
98,30,Hiral,Bera,Orthopedic Surgeon,27,1968110,6315999650,doctor98@hospital.com,2011-01-30
99,30,Keya,Sankaran,Orthopedic Surgeon,26,1840067,9619431142,doctor99@hospital.com,2012-11-07
100,31,Hredhaan,Chand,Dermatologist,13,2363479,4754121267,doctor100@hospital.com,2014-09-05
101,31,Atharv,Chakraborty,Dermatologist,25,3440877,8199560466,doctor101@hospital.com,2017-12-16
102,31,Omkaar,Rai,Dermatologist,12,3181656,2444721264,doctor102@hospital.com,2022-03-04
103,32,Jalsa,Krishnamurthy,Pediatrician,26,2898215,7993712406,doctor103@hospital.com,2022-08-07
104,32,Forum,Sarraf,Pediatrician,1,1874543,6924593752,doctor104@hospital.com,2021-03-20
105,32,Vritti,Kibe,Pediatrician,19,1481570,6465193982,doctor105@hospital.com,2025-05-18
106,32,Shaurya,Sarma,Pediatrician,28,3032632,1672434266,doctor106@hospital.com,2016-02-07
107,33,Nandini,Warrior,Pulmonologist,30,2452984,8058911352,doctor107@hospital.com,2026-03-11
108,33,Mugdha,Narula,Pulmonologist,29,3433786,1014388899,doctor108@hospital.com,2014-05-05
109,33,Xiti,Dora,Pulmonologist,14,2744019,0714611254,doctor109@hospital.com,2016-12-09
110,33,Ijaya,Soni,Pulmonologist,31,1311737,7751401051,doctor110@hospital.com,2010-01-03
111,34,Nathaniel,Narayanan,Oncologist,19,2761962,7362266093,doctor111@hospital.com,2014-04-18
112,34,Tanish,Jha,Oncologist,22,991694,1918255371,doctor112@hospital.com,2025-11-02
113,35,Dhriti,Rama,Urologist,20,1542211,9155792499,doctor113@hospital.com,2008-11-15
114,35,Dalaja,Dada,Urologist,13,1218047,5286692966,doctor114@hospital.com,2020-05-21
115,35,Oscar,Ganesan,Urologist,2,793834,4225790507,doctor115@hospital.com,2025-10-17
116,36,Yashasvi,Talwar,Neurologist,31,3163868,7677219034,doctor116@hospital.com,2017-04-09
117,36,Om,Shankar,Neurologist,5,2510153,8819148580,doctor117@hospital.com,2026-04-25
118,36,Harsh,Kota,Neurologist,27,3241427,0745171339,doctor118@hospital.com,2009-11-02
119,37,Liam,Jhaveri,Orthopedic Surgeon,25,2673568,0958498254,doctor119@hospital.com,2025-07-26
120,37,Yoshita,Chandran,Orthopedic Surgeon,26,1623344,6042232536,doctor120@hospital.com,2019-03-02
121,37,Oeshi,Prashad,Orthopedic Surgeon,10,3351706,1168457759,doctor121@hospital.com,2019-03-20
122,38,Ishita,Bhatnagar,Psychiatrist,7,2383192,3637454589,doctor122@hospital.com,2022-04-14
123,38,Chanakya,Batra,Psychiatrist,15,1337722,7012770632,doctor123@hospital.com,2008-05-20
124,39,Jalsa,Krishna,Emergency Physician,4,2937929,5206436110,doctor124@hospital.com,2009-03-04
125,39,Upkaar,Venkataraman,Emergency Physician,16,1109014,0051627136,doctor125@hospital.com,2012-10-14
126,39,Chandani,Devan,Emergency Physician,30,1159264,2218909275,doctor126@hospital.com,2018-11-03
127,39,Saanvi,Kalla,Emergency Physician,30,3400023,1219656523,doctor127@hospital.com,2017-08-02
128,39,Bhavani,Bala,Emergency Physician,34,2944302,3898364037,doctor128@hospital.com,2016-07-05
129,40,Ekavir,Wable,Ophthalmologist,29,3169650,5526965827,doctor129@hospital.com,2007-11-14
130,40,Adweta,Kale,Ophthalmologist,33,2389880,0684866618,doctor130@hospital.com,2012-01-25
131,40,Dayita,Brar,Ophthalmologist,29,1267556,2856914630,doctor131@hospital.com,2008-11-02
132,40,Christopher,More,Ophthalmologist,31,2487729,1020275884,doctor132@hospital.com,2021-07-07
133,41,Amruta,Dalal,Oncologist,16,3274545,5648149177,doctor133@hospital.com,2016-07-05
134,41,Ojas,Pillai,Oncologist,18,2786489,4191380003,doctor134@hospital.com,2014-03-06
135,41,Mason,Gola,Oncologist,32,3228773,8635365419,doctor135@hospital.com,2019-12-26
136,41,Charles,Gola,Oncologist,16,1751745,8061744518,doctor136@hospital.com,2010-07-13
137,42,Daksha,Kibe,Pulmonologist,5,1798430,5973832060,doctor137@hospital.com,2019-03-28
138,42,Aditya,Nayak,Pulmonologist,16,1739655,6413836702,doctor138@hospital.com,2024-12-10
139,42,Zinal,Sachar,Pulmonologist,22,1940959,7191826199,doctor139@hospital.com,2011-04-03
140,42,Advika,Murty,Pulmonologist,35,937967,5574313291,doctor140@hospital.com,2015-07-06
141,42,Dipta,Ray,Pulmonologist,9,1232629,8537474112,doctor141@hospital.com,2010-10-26
142,43,Falak,Divan,Nephrologist,25,1240911,3568044206,doctor142@hospital.com,2011-07-08
143,43,Turvi,Chaudry,Nephrologist,14,869395,1003236519,doctor143@hospital.com,2006-12-15
144,43,Dhruv,Hora,Nephrologist,27,2309595,2151070296,doctor144@hospital.com,2014-03-04
145,44,Pooja,Gera,General Physician,35,2554228,3244720999,doctor145@hospital.com,2014-10-04
146,44,Varenya,Bhat,General Physician,27,861161,4626383806,doctor146@hospital.com,2022-02-23
147,44,Hemangini,Thakkar,General Physician,14,2362209,6420593040,doctor147@hospital.com,2021-11-08
148,44,Viraj,Dutta,General Physician,25,3049806,3348039652,doctor148@hospital.com,2012-11-17
149,45,Jagrati,Bala,Pediatrician,25,2600598,9929378427,doctor149@hospital.com,2011-03-04
150,45,Theodore,Bahri,Pediatrician,1,2075383,0593252500,doctor150@hospital.com,2022-01-02
151,46,Janya,Bora,Dermatologist,25,2357502,6915452267,doctor151@hospital.com,2020-05-22
152,46,Ishanvi,Kapoor,Dermatologist,35,2890644,6442209690,doctor152@hospital.com,2024-12-09
153,46,Timothy,Chawla,Dermatologist,15,2647782,2513552157,doctor153@hospital.com,2011-07-05
154,46,Ekansh,Palla,Dermatologist,15,1744773,1006762676,doctor154@hospital.com,2008-07-18
155,47,Varenya,Kar,Cardiologist,32,721738,7104054115,doctor155@hospital.com,2021-02-27
156,47,Girik,Nigam,Cardiologist,25,2009829,0629620153,doctor156@hospital.com,2020-12-16
157,47,Alka,Manda,Cardiologist,26,1292247,3106987205,doctor157@hospital.com,2012-05-29
158,47,Varsha,Iyengar,Cardiologist,30,1135309,0324171467,doctor158@hospital.com,2019-05-10
159,47,Lila,Goyal,Cardiologist,35,713105,6527047743,doctor159@hospital.com,2009-07-17
160,48,Gunbir,Chada,Psychiatrist,2,952101,8693806868,doctor160@hospital.com,2016-01-17
161,48,Farhan,Rana,Psychiatrist,28,1169164,8989921722,doctor161@hospital.com,2007-05-16
162,48,Farhan,Saran,Psychiatrist,30,1362226,2945116868,doctor162@hospital.com,2015-09-06
163,48,Advik,Virk,Psychiatrist,4,1691174,1622999119,doctor163@hospital.com,2024-02-14
164,48,Nirja,Lalla,Psychiatrist,25,1973016,7997024629,doctor164@hospital.com,2014-06-08
165,49,Garima,Khanna,ENT Specialist,30,1970890,7450544471,doctor165@hospital.com,2026-01-01
166,49,Saanvi,Nagi,ENT Specialist,22,2190170,6913736785,doctor166@hospital.com,2007-10-31
167,49,Yashawini,Raval,ENT Specialist,18,2368171,8902330307,doctor167@hospital.com,2011-12-31
168,50,Ucchal,Tiwari,Urologist,6,2572609,1035797279,doctor168@hospital.com,2009-10-15
169,50,Aarna,Chana,Urologist,2,2862487,0602933334,doctor169@hospital.com,2023-10-24
170,50,Aditya,Som,Urologist,4,2067840,2903494466,doctor170@hospital.com,2010-11-19
171,50,Chasmum,Verma,Urologist,15,3326901,9108589944,doctor171@hospital.com,2013-03-30
172,51,Aradhana,Nair,Orthopedic Surgeon,3,730149,4432830965,doctor172@hospital.com,2026-06-20
173,51,Aashi,Sahota,Orthopedic Surgeon,16,1436179,6099353875,doctor173@hospital.com,2023-05-01
174,52,Pratyush,Memon,Oncologist,10,1600530,7248251353,doctor174@hospital.com,2013-12-14
175,52,Chaitaly,Sheth,Oncologist,9,2586259,7099917381,doctor175@hospital.com,2014-10-12
176,53,Matthew,Devan,Neurologist,14,2550493,5697252175,doctor176@hospital.com,2006-08-12
177,53,Anusha,Kadakia,Neurologist,17,2147258,9271296666,doctor177@hospital.com,2007-04-10
178,54,Ryan,Prakash,Pediatrician,8,1286883,5830033542,doctor178@hospital.com,2018-04-17
179,54,Oliver,Bhattacharyya,Pediatrician,20,1053399,4478985625,doctor179@hospital.com,2009-10-25
180,54,Netra,Bahl,Pediatrician,2,1908443,3230982150,doctor180@hospital.com,2018-12-24
181,55,Chanakya,Chokshi,Emergency Physician,26,1431855,0167618472,doctor181@hospital.com,2014-12-08
182,55,Harrison,Venkatesh,Emergency Physician,5,3083438,9926189141,doctor182@hospital.com,2018-09-12
183,55,Adya,Virk,Emergency Physician,16,1027405,5642087375,doctor183@hospital.com,2019-12-14
184,55,Indrajit,Tak,Emergency Physician,20,3469990,1811437447,doctor184@hospital.com,2024-01-01
185,55,Bina,Parsa,Emergency Physician,8,2973693,6110022557,doctor185@hospital.com,2013-12-21
186,56,Hema,Goswami,Dermatologist,23,2834495,6674676212,doctor186@hospital.com,2014-11-03
187,56,Vasudha,Sarma,Dermatologist,28,3374621,9659027716,doctor187@hospital.com,2011-10-02
188,57,Dipta,Arora,Urologist,5,2722153,5889163756,doctor188@hospital.com,2007-08-11
189,57,Naksh,Tiwari,Urologist,22,653066,7217535408,doctor189@hospital.com,2014-08-01
190,57,Wahab,Brar,Urologist,27,2656054,7971775170,doctor190@hospital.com,2007-03-27
191,57,Aadi,Chand,Urologist,7,2418328,8837550375,doctor191@hospital.com,2015-12-25
192,58,Januja,Sethi,Ophthalmologist,30,1241691,1305548851,doctor192@hospital.com,2009-04-29
193,58,Nimrat,Chhabra,Ophthalmologist,28,1338771,9331637351,doctor193@hospital.com,2008-12-25
194,58,Shravya,Shankar,Ophthalmologist,34,3328216,7080869782,doctor194@hospital.com,2008-08-03
195,58,Ekanta,Thaman,Ophthalmologist,18,3183323,6934654722,doctor195@hospital.com,2012-06-30
196,59,Dipta,Kalla,ENT Specialist,30,2426931,3945228851,doctor196@hospital.com,2018-03-05
197,59,Omisha,Walla,ENT Specialist,18,1951843,6081062003,doctor197@hospital.com,2020-03-09
198,59,Madhav,Bhatia,ENT Specialist,16,963490,3805719838,doctor198@hospital.com,2022-03-16
199,59,Bhavna,Batta,ENT Specialist,18,2490800,6658004397,doctor199@hospital.com,2017-06-14
200,59,Ronith,Hari,ENT Specialist,16,2549128,7212281606,doctor200@hospital.com,2009-02-13
201,60,Aadhya,Ahluwalia,Pulmonologist,22,720376,7202590947,doctor201@hospital.com,2007-12-23
202,60,Eesha,Vora,Pulmonologist,32,1963208,2818268861,doctor202@hospital.com,2019-10-14
203,60,Garima,Patel,Pulmonologist,12,2644932,3987801573,doctor203@hospital.com,2025-09-11
204,60,Ekani,Raj,Pulmonologist,14,2088243,6484085887,doctor204@hospital.com,2024-06-25
205,60,Reyansh,Nagi,Pulmonologist,17,2027484,1288013361,doctor205@hospital.com,2019-06-14
206,61,Ekbal,Dube,Nephrologist,18,2931156,7501102481,doctor206@hospital.com,2014-09-02
207,61,Shravya,Ravel,Nephrologist,1,2766891,5061809190,doctor207@hospital.com,2008-08-22
208,61,Charvi,Chadha,Nephrologist,13,959086,7660728326,doctor208@hospital.com,2012-06-24
209,61,Kashvi,Apte,Nephrologist,16,2304683,1009968814,doctor209@hospital.com,2014-10-09
210,62,Yauvani,Dhar,Psychiatrist,16,3496625,2394312908,doctor210@hospital.com,2012-05-01
211,62,Ekalinga,Krishna,Psychiatrist,31,3309113,3975523149,doctor211@hospital.com,2016-03-27
212,62,Falguni,Mohan,Psychiatrist,32,2479780,9955620533,doctor212@hospital.com,2009-03-16
213,62,Garima,Srinivasan,Psychiatrist,2,990294,7547812914,doctor213@hospital.com,2011-10-13
214,62,Faraj,Borra,Psychiatrist,19,1529442,8099693084,doctor214@hospital.com,2019-08-06
215,63,Manthan,Pau,Orthopedic Surgeon,16,1884321,3942788165,doctor215@hospital.com,2023-06-24
216,63,Noah,Varkey,Orthopedic Surgeon,24,2584998,7229927503,doctor216@hospital.com,2011-10-22
217,63,Vivaan,Basak,Orthopedic Surgeon,34,2041823,8567700518,doctor217@hospital.com,2017-05-28
218,63,Owen,Puri,Orthopedic Surgeon,28,2908496,5918463865,doctor218@hospital.com,2024-04-05
219,63,Abeer,Thaker,Orthopedic Surgeon,22,2075600,7231843222,doctor219@hospital.com,2019-09-28
220,64,Oeshi,Narayanan,Pediatrician,18,1886070,7773926030,doctor220@hospital.com,2009-09-28
221,64,Yauvani,Baral,Pediatrician,17,1566946,0242869904,doctor221@hospital.com,2018-08-25
222,64,Urishilla,Subramaniam,Pediatrician,8,1407757,3692929842,doctor222@hospital.com,2018-05-01
223,64,Victor,Radhakrishnan,Pediatrician,21,1101448,2103886291,doctor223@hospital.com,2018-07-07
224,64,Yahvi,Dalal,Pediatrician,35,3494755,7298068650,doctor224@hospital.com,2025-04-15
225,65,Vasatika,Raj,Nephrologist,13,1507582,9916247314,doctor225@hospital.com,2011-09-04
226,65,Abdul,Amble,Nephrologist,31,1759723,8063565126,doctor226@hospital.com,2023-08-14
227,65,Pallavi,Pau,Nephrologist,34,3103121,6368872588,doctor227@hospital.com,2018-01-26
228,66,Mitali,Devi,General Physician,7,1414188,3721386589,doctor228@hospital.com,2025-10-23
229,66,Abdul,Chand,General Physician,19,1554133,7961143519,doctor229@hospital.com,2018-10-19
230,66,Bhavini,Bhandari,General Physician,24,1352632,7703843098,doctor230@hospital.com,2009-11-28
231,66,Balendra,Parsa,General Physician,20,659342,0214656693,doctor231@hospital.com,2024-11-25
232,67,Bhavani,Pall,Urologist,18,790906,4393769042,doctor232@hospital.com,2017-09-09
233,67,Yahvi,Menon,Urologist,4,2920955,1848947697,doctor233@hospital.com,2020-02-25
234,67,Ayaan,Subramaniam,Urologist,19,1129654,4163356588,doctor234@hospital.com,2012-04-06
235,68,Mohini,Oommen,Oncologist,7,651444,8275539423,doctor235@hospital.com,2021-03-24
236,68,Alka,Jhaveri,Oncologist,19,2568793,3395211179,doctor236@hospital.com,2023-06-24
237,68,Kamya,Murty,Oncologist,31,2447460,9472846392,doctor237@hospital.com,2016-02-01
238,68,Bachittar,Thakkar,Oncologist,22,1373277,6271875003,doctor238@hospital.com,2013-01-10
239,68,Aashi,Grover,Oncologist,4,1658971,3479552763,doctor239@hospital.com,2023-08-09
240,69,Ati,Seshadri,ENT Specialist,8,874070,9293143866,doctor240@hospital.com,2015-12-24
241,69,Aditya,Goda,ENT Specialist,26,2662534,7288574489,doctor241@hospital.com,2020-04-30
242,69,Darpan,Kale,ENT Specialist,5,3020202,7175455884,doctor242@hospital.com,2008-12-10
243,69,Rushil,Yohannan,ENT Specialist,4,1236389,4558771694,doctor243@hospital.com,2019-05-01
244,69,Geetika,Sama,ENT Specialist,10,2960720,1125355449,doctor244@hospital.com,2022-02-20
245,70,Janani,Verma,Pulmonologist,6,1640988,6220234132,doctor245@hospital.com,2007-10-18
246,70,Urvashi,Bhagat,Pulmonologist,8,2940727,6811492164,doctor246@hospital.com,2015-05-20
247,70,Jonathan,Deep,Pulmonologist,27,3143080,0055778487,doctor247@hospital.com,2018-05-03
248,70,Tanmayi,Saran,Pulmonologist,15,2791828,5783174564,doctor248@hospital.com,2006-07-09
249,71,Laban,Padmanabhan,Gastroenterologist,29,2456906,7807740649,doctor249@hospital.com,2013-12-28
250,71,Nisha,Sarkar,Gastroenterologist,20,3068453,3266341638,doctor250@hospital.com,2019-06-27
251,71,Amruta,Sachar,Gastroenterologist,28,1880857,1224179749,doctor251@hospital.com,2006-11-27
252,71,Chandran,Warrior,Gastroenterologist,4,3156977,2144270312,doctor252@hospital.com,2013-05-10
253,71,Devika,Tara,Gastroenterologist,7,1471525,7051204618,doctor253@hospital.com,2024-06-07
254,72,Zashil,Raj,Neurologist,17,3370036,1367303718,doctor254@hospital.com,2020-02-23
255,72,Devika,Naidu,Neurologist,6,1258745,0881474350,doctor255@hospital.com,2019-03-06
256,72,Ekta,Aurora,Neurologist,16,1329026,4916300979,doctor256@hospital.com,2011-06-29
257,73,Xalak,Chand,General Physician,11,611222,0052812735,doctor257@hospital.com,2021-03-07
258,73,Ansh,Purohit,General Physician,27,2489549,2407784873,doctor258@hospital.com,2013-06-21
259,74,Upadhriti,Maharaj,Ophthalmologist,19,736901,1827448570,doctor259@hospital.com,2024-03-05
260,74,Januja,Khare,Ophthalmologist,15,1808399,1863878294,doctor260@hospital.com,2008-09-22
261,74,Ekalinga,Bassi,Ophthalmologist,19,2504345,2031731096,doctor261@hospital.com,2020-07-18
262,74,Aahana,Bawa,Ophthalmologist,5,3483101,3910371705,doctor262@hospital.com,2022-05-27
263,74,Dalbir,Lata,Ophthalmologist,15,1709622,1413811386,doctor263@hospital.com,2019-08-28
264,75,Praneel,Sagar,Neurologist,28,1081406,9576122868,doctor264@hospital.com,2026-06-27
265,75,Saanvi,Pandey,Neurologist,35,1542919,8556659398,doctor265@hospital.com,2025-01-15
266,75,Aachal,Parsa,Neurologist,10,1714143,7600490824,doctor266@hospital.com,2010-10-25
267,76,Divya,Bains,Cardiologist,5,850140,8889921075,doctor267@hospital.com,2013-11-10
268,76,Zaid,Kaul,Cardiologist,11,1890217,4196931572,doctor268@hospital.com,2018-06-04
269,76,Charita,Barad,Cardiologist,19,2441943,1055661390,doctor269@hospital.com,2017-01-02
270,77,Eiravati,Zacharia,Urologist,30,3488524,5832067998,doctor270@hospital.com,2012-04-24
271,77,Meera,Divan,Urologist,20,2288243,5179086416,doctor271@hospital.com,2021-10-04
272,78,Vasana,Hora,Orthopedic Surgeon,33,2864846,6938983314,doctor272@hospital.com,2008-04-23
273,78,Odika,Sampath,Orthopedic Surgeon,32,2436093,5355904259,doctor273@hospital.com,2015-04-30
274,78,Vivaan,Iyengar,Orthopedic Surgeon,6,3108347,2110392405,doctor274@hospital.com,2015-12-11
275,78,Garima,Kadakia,Orthopedic Surgeon,3,2412059,3884879206,doctor275@hospital.com,2011-08-18
276,79,Darpan,Mander,Emergency Physician,17,708485,9407016451,doctor276@hospital.com,2011-02-21
277,79,Lajita,Trivedi,Emergency Physician,6,1560178,5798123878,doctor277@hospital.com,2024-12-18
278,79,Dalaja,Nath,Emergency Physician,2,3419753,6205554384,doctor278@hospital.com,2024-04-29
279,79,Ayushman,Mammen,Emergency Physician,18,3016955,2562168936,doctor279@hospital.com,2015-01-18
280,80,Devika,Narayan,ENT Specialist,12,2573423,8232983248,doctor280@hospital.com,2019-08-23
281,80,Nakul,Nadkarni,ENT Specialist,34,3332628,8812520566,doctor281@hospital.com,2009-07-23
282,81,Raghav,Chhabra,Oncologist,18,1361220,2099499939,doctor282@hospital.com,2013-09-14
283,81,Vansha,Desai,Oncologist,28,3262480,5267722330,doctor283@hospital.com,2025-07-10
284,81,Tristan,Jain,Oncologist,32,982698,1279757366,doctor284@hospital.com,2020-12-03
285,81,Meera,Yadav,Oncologist,31,2059454,8177038860,doctor285@hospital.com,2021-10-27
286,81,Chandran,Gupta,Oncologist,27,1997996,7644726490,doctor286@hospital.com,2023-02-12
287,82,Siya,Chana,ENT Specialist,7,1274548,2982665702,doctor287@hospital.com,2024-03-03
288,82,Gautam,Krishna,ENT Specialist,22,2326564,2111751868,doctor288@hospital.com,2017-07-11
289,82,Caleb,Garde,ENT Specialist,32,1808873,9222206447,doctor289@hospital.com,2024-06-27
290,82,Samaksh,Aggarwal,ENT Specialist,26,2907272,0777809733,doctor290@hospital.com,2014-09-21
291,83,Fariq,Ahuja,Gastroenterologist,30,969349,8498302205,doctor291@hospital.com,2019-11-10
292,83,Chanchal,Narula,Gastroenterologist,21,1658637,0162249998,doctor292@hospital.com,2013-09-21
293,84,Balendra,Chander,Emergency Physician,8,2295233,5561681472,doctor293@hospital.com,2017-01-22
294,84,Shaurya,Kadakia,Emergency Physician,33,604827,1981794695,doctor294@hospital.com,2026-06-02
295,84,Irya,Dayal,Emergency Physician,35,2537669,8772934301,doctor295@hospital.com,2021-04-08
296,84,Sarthak,Sachdeva,Emergency Physician,27,827348,0558303441,doctor296@hospital.com,2017-07-08
297,85,Abeer,Comar,Ophthalmologist,34,2117412,5699023557,doctor297@hospital.com,2016-02-24
298,85,Triveni,Yadav,Ophthalmologist,32,3223154,7608495880,doctor298@hospital.com,2022-07-05
299,85,Irya,Bhatti,Ophthalmologist,29,816475,4056829962,doctor299@hospital.com,2020-08-15
300,86,Divya,Balay,General Physician,18,2903594,6173574384,doctor300@hospital.com,2022-03-21
301,86,Saksham,Chanda,General Physician,9,1808081,8078235784,doctor301@hospital.com,2022-12-17
302,86,Zaitra,Deo,General Physician,29,2633028,0768104091,doctor302@hospital.com,2008-07-31
303,87,Devika,Bajaj,Oncologist,2,3242504,3533448571,doctor303@hospital.com,2011-12-28
304,87,Alexander,Varkey,Oncologist,16,1264286,3858542493,doctor304@hospital.com,2018-10-13
305,88,Hamsini,Zachariah,Pulmonologist,1,2916310,0207016016,doctor305@hospital.com,2024-05-05
306,88,Sanaya,Parekh,Pulmonologist,27,990947,5381792171,doctor306@hospital.com,2015-12-06
307,88,Udarsh,Dhawan,Pulmonologist,15,1075890,5625577017,doctor307@hospital.com,2015-09-29
308,88,Onkar,Mandal,Pulmonologist,30,1092688,9928161581,doctor308@hospital.com,2014-07-14
309,89,Odika,Khare,Cardiologist,32,1824156,8276153966,doctor309@hospital.com,2020-05-26
310,89,Oscar,Brahmbhatt,Cardiologist,33,1746827,1997581724,doctor310@hospital.com,2008-09-10
311,89,Ladli,Narang,Cardiologist,27,2623749,0132902278,doctor311@hospital.com,2018-01-28
312,90,Rohan,Jha,Pulmonologist,16,2515901,4946519098,doctor312@hospital.com,2007-10-07
313,90,Chatresh,Acharya,Pulmonologist,10,2208876,1403696566,doctor313@hospital.com,2010-09-28
314,90,Oscar,Soman,Pulmonologist,13,3113971,3865624220,doctor314@hospital.com,2020-12-11
315,90,Vidhi,Sarkar,Pulmonologist,33,1172557,1267969278,doctor315@hospital.com,2014-03-19
316,90,Upkaar,Grewal,Pulmonologist,5,1758665,9097384689,doctor316@hospital.com,2017-11-18
317,91,Jyoti,Chowdhury,General Physician,22,2729606,1284781891,doctor317@hospital.com,2020-03-14
318,91,Devika,Bera,General Physician,18,610759,8077879565,doctor318@hospital.com,2007-03-24
319,91,Daksha,Lad,General Physician,19,1852233,7929049047,doctor319@hospital.com,2008-01-21
320,91,Arunima,Krishnan,General Physician,32,1223254,9444019292,doctor320@hospital.com,2011-09-29
321,91,Warinder,Sundaram,General Physician,29,2858970,8051292766,doctor321@hospital.com,2010-09-26
322,92,Hemani,Bhagat,Urologist,23,1994354,1027674783,doctor322@hospital.com,2011-10-09
323,92,Radhika,Arora,Urologist,35,2182133,7658018569,doctor323@hospital.com,2011-11-11
324,92,Guneet,Kumer,Urologist,30,1949632,7393852580,doctor324@hospital.com,2014-09-29
325,92,Hemang,Sehgal,Urologist,13,1601623,3443009109,doctor325@hospital.com,2020-09-05
326,92,Jagdish,Chadha,Urologist,25,1579631,6921244717,doctor326@hospital.com,2011-08-31
327,93,Ethan,Malhotra,Oncologist,3,1934528,6650442717,doctor327@hospital.com,2010-02-01
328,93,Vyanjana,Chopra,Oncologist,31,2198999,8639174101,doctor328@hospital.com,2022-01-23
329,93,Anirudh,Tank,Oncologist,25,3383712,0064256908,doctor329@hospital.com,2014-08-06
330,93,Ekaraj,Zachariah,Oncologist,10,2677558,0671985546,doctor330@hospital.com,2017-03-18
331,93,Harini,Buch,Oncologist,3,1129515,4328063461,doctor331@hospital.com,2024-03-22
332,94,Raksha,Gupta,Gastroenterologist,7,2446778,0309376184,doctor332@hospital.com,2025-11-06
333,94,Amol,Bansal,Gastroenterologist,7,2805998,0506138782,doctor333@hospital.com,2007-04-04
334,94,Lohit,Suresh,Gastroenterologist,30,664372,7903202041,doctor334@hospital.com,2023-03-24
335,94,Devansh,Cherian,Gastroenterologist,10,2319574,7993136565,doctor335@hospital.com,2009-04-07
336,95,Tanay,Bath,Dermatologist,5,2569186,5114262582,doctor336@hospital.com,2007-05-02
337,95,Harish,Puri,Dermatologist,17,2020028,0710021946,doctor337@hospital.com,2009-05-19
338,95,Anika,Virk,Dermatologist,26,3325612,6329092791,doctor338@hospital.com,2006-08-11
339,96,Warinder,Handa,Neurologist,22,3428460,8195883734,doctor339@hospital.com,2022-06-14
340,96,Urvi,Tank,Neurologist,35,2193874,2005436459,doctor340@hospital.com,2021-04-29
341,97,Patrick,Dugar,Nephrologist,32,2869185,7811379956,doctor341@hospital.com,2022-02-05
342,97,Eshana,Kari,Nephrologist,3,3189812,3636317970,doctor342@hospital.com,2025-01-28
343,97,Suhani,Gokhale,Nephrologist,5,1584697,5273543520,doctor343@hospital.com,2009-04-01
344,97,Udyati,Shanker,Nephrologist,19,1554146,2534929298,doctor344@hospital.com,2023-08-29
345,98,Vrinda,Kalita,Orthopedic Surgeon,28,1012900,7406335693,doctor345@hospital.com,2024-06-25
346,98,Omisha,Basu,Orthopedic Surgeon,7,2460922,7806867177,doctor346@hospital.com,2021-07-31
347,99,Niharika,Kamdar,Ophthalmologist,20,721413,5431074279,doctor347@hospital.com,2015-10-17
348,99,Lakshit,Ravi,Ophthalmologist,3,1960525,5701658046,doctor348@hospital.com,2018-01-09
349,99,Sarthak,Buch,Ophthalmologist,4,1830473,0850165790,doctor349@hospital.com,2019-06-25
350,100,Ekalinga,Jayaraman,Cardiologist,24,2406431,5381793355,doctor350@hospital.com,2012-01-23
351,100,Dev,Pradhan,Cardiologist,10,1624238,7788178847,doctor351@hospital.com,2010-04-14
352,100,Tanvi,Chahal,Cardiologist,34,2328270,6241124127,doctor352@hospital.com,2025-07-24
353,100,Arin,Memon,Cardiologist,12,1312963,8275670431,doctor353@hospital.com,2019-05-31
354,101,Nisha,Oza,Nephrologist,6,3156393,7988774924,doctor354@hospital.com,2016-03-15
355,101,Bhavya,Batta,Nephrologist,25,3199253,5472928422,doctor355@hospital.com,2008-11-09
356,101,Edhitha,Date,Nephrologist,16,2687367,4523805525,doctor356@hospital.com,2017-03-11
357,102,Jairaj,Bakshi,Oncologist,15,2534202,7275208854,doctor357@hospital.com,2019-11-09
358,102,Riya,Nigam,Oncologist,17,2527578,7028140693,doctor358@hospital.com,2013-01-17
359,102,Robert,Vyas,Oncologist,17,3396932,4301871863,doctor359@hospital.com,2018-08-15
360,103,Daksh,Patel,General Physician,30,1806414,2656504554,doctor360@hospital.com,2010-10-31
361,103,Sachi,Sagar,General Physician,35,1262597,4266299123,doctor361@hospital.com,2026-04-02
362,104,Dominic,Prashad,Gastroenterologist,29,2049407,0646287923,doctor362@hospital.com,2017-08-05
363,104,Brijesh,Mittal,Gastroenterologist,20,3279903,7873002447,doctor363@hospital.com,2010-02-08
364,105,Yash,Balakrishnan,Neurologist,17,2516108,4719597964,doctor364@hospital.com,2016-10-08
365,105,Anay,Lad,Neurologist,20,1435576,9025725204,doctor365@hospital.com,2007-06-29
366,105,Bishakha,Wagle,Neurologist,25,2626721,8321928554,doctor366@hospital.com,2017-03-16
367,105,Indira,Dhawan,Neurologist,7,1594912,2845765213,doctor367@hospital.com,2023-02-24
368,105,Ishaan,Sahni,Neurologist,25,2998817,1120754527,doctor368@hospital.com,2009-12-17
369,106,Daksha,Balakrishnan,ENT Specialist,19,1838287,3223423216,doctor369@hospital.com,2022-01-05
370,106,Raagini,Basak,ENT Specialist,2,3360815,1089071401,doctor370@hospital.com,2022-03-02
371,106,Samesh,Iyengar,ENT Specialist,26,1751254,5012495528,doctor371@hospital.com,2017-12-03
372,106,Hardik,Atwal,ENT Specialist,1,2973678,3428013875,doctor372@hospital.com,2019-12-28
373,107,Hredhaan,Golla,Dermatologist,32,1800385,6638361517,doctor373@hospital.com,2016-06-07
374,107,Jalsa,Mani,Dermatologist,15,3146215,1571647947,doctor374@hospital.com,2012-04-30
375,108,Priya,Gulati,Emergency Physician,15,3270168,7520716781,doctor375@hospital.com,2014-07-13
376,108,Harsh,Ganguly,Emergency Physician,13,3204206,5353961367,doctor376@hospital.com,2011-12-24
377,108,Mugdha,Parekh,Emergency Physician,17,3442750,9678427114,doctor377@hospital.com,2019-02-01
378,108,Krish,Balan,Emergency Physician,9,3235063,0170269524,doctor378@hospital.com,2021-09-21
379,109,Zinal,Tailor,Emergency Physician,3,1895758,3477848588,doctor379@hospital.com,2024-02-14
380,109,Jagat,Rajagopal,Emergency Physician,29,739940,5677002842,doctor380@hospital.com,2012-10-07
381,110,Lopa,Sura,Pediatrician,9,978046,9788977828,doctor381@hospital.com,2016-05-30
382,110,Krishna,Pandit,Pediatrician,19,1970359,5009025590,doctor382@hospital.com,2015-01-30
383,110,Ishanvi,Sabharwal,Pediatrician,27,1336687,0333491141,doctor383@hospital.com,2017-04-15
384,110,Baljiwan,Sharma,Pediatrician,13,1154318,9864079056,doctor384@hospital.com,2017-12-20
385,111,Vrinda,Chaudhry,Orthopedic Surgeon,34,2704679,5785294563,doctor385@hospital.com,2010-10-19
386,111,Alka,Batta,Orthopedic Surgeon,18,1290149,9639191954,doctor386@hospital.com,2016-01-09
387,111,Shaurya,Palan,Orthopedic Surgeon,17,2621016,4846853664,doctor387@hospital.com,2019-12-13
388,111,Pranit,Bahl,Orthopedic Surgeon,19,2020674,9737489690,doctor388@hospital.com,2015-10-08
389,112,Wridesh,Dora,Dermatologist,30,915828,6651364424,doctor389@hospital.com,2011-04-16
390,112,Mason,Handa,Dermatologist,10,1546296,3477866032,doctor390@hospital.com,2011-09-08
391,113,Arunima,Goda,Urologist,24,978757,7001594165,doctor391@hospital.com,2011-03-29
392,113,Xiti,Dara,Urologist,26,658379,7139155963,doctor392@hospital.com,2008-08-27
393,113,Tanish,Maharaj,Urologist,17,2850547,6490785158,doctor393@hospital.com,2025-10-14
394,113,Maanav,Patil,Urologist,8,2507510,5409003486,doctor394@hospital.com,2017-03-20
395,113,Warjas,Savant,Urologist,24,3422046,0644134327,doctor395@hospital.com,2011-12-31
396,114,Faris,Swamy,General Physician,25,3278269,6561248156,doctor396@hospital.com,2015-08-02
397,114,Ayaan,Ben,General Physician,24,1054436,7206345911,doctor397@hospital.com,2020-10-15
398,114,Kalpit,Roy,General Physician,15,2577517,7724295431,doctor398@hospital.com,2014-05-22
399,114,Krishna,Kapur,General Physician,2,3198567,0893173420,doctor399@hospital.com,2018-07-11
400,115,Manthan,Chakraborty,Gastroenterologist,15,3316450,2910867713,doctor400@hospital.com,2012-04-11
401,115,Warda,Raja,Gastroenterologist,5,3265077,6393436262,doctor401@hospital.com,2011-03-25
402,115,Shravya,Kothari,Gastroenterologist,30,1867477,9710725636,doctor402@hospital.com,2007-12-24
403,115,Daniel,Ben,Gastroenterologist,27,1089374,3759900489,doctor403@hospital.com,2019-12-11
404,116,Kevin,Barman,Cardiologist,3,756078,4287572158,doctor404@hospital.com,2008-11-08
405,116,Chaitanya,Datta,Cardiologist,20,2666217,4564494856,doctor405@hospital.com,2021-10-16
406,116,Matthew,Sarraf,Cardiologist,8,1007652,3203207427,doctor406@hospital.com,2007-05-02
407,117,Ishanvi,Sundaram,Oncologist,35,1169016,7121513422,doctor407@hospital.com,2024-05-02
408,117,Simon,Agrawal,Oncologist,25,2502719,6137150416,doctor408@hospital.com,2023-04-05
409,117,Mitesh,Balakrishnan,Oncologist,24,3412223,7774905097,doctor409@hospital.com,2010-09-30
410,118,Chanakya,Mandal,Pulmonologist,10,2340151,0189616423,doctor410@hospital.com,2023-07-26
411,118,Nicholas,Rama,Pulmonologist,7,2652470,4214764925,doctor411@hospital.com,2010-07-08
412,118,Sanaya,Rama,Pulmonologist,27,1773315,4996165926,doctor412@hospital.com,2016-10-13
413,118,Ubika,Kapur,Pulmonologist,3,3495246,7881476174,doctor413@hospital.com,2023-05-08
414,118,Prisha,Merchant,Pulmonologist,24,1511295,8108186617,doctor414@hospital.com,2011-08-13
415,119,Finn,Thakur,Psychiatrist,29,1590328,1722601645,doctor415@hospital.com,2018-12-29
416,119,Alka,Om,Psychiatrist,24,1016723,3219416800,doctor416@hospital.com,2009-12-14
417,119,Vansha,Sharma,Psychiatrist,24,2883655,9749956412,doctor417@hospital.com,2008-10-03
418,119,Amol,Guha,Psychiatrist,23,853965,3723683147,doctor418@hospital.com,2006-12-15
419,119,Ojas,Dua,Psychiatrist,26,1757130,7707933496,doctor419@hospital.com,2008-07-27
420,120,Rachana,Sagar,Ophthalmologist,8,2507222,9984076789,doctor420@hospital.com,2020-10-20
421,120,Anirudh,Sami,Ophthalmologist,6,3379853,8146717957,doctor421@hospital.com,2012-04-11
422,120,Rehaan,Singh,Ophthalmologist,14,3291503,7383959724,doctor422@hospital.com,2022-06-09
423,121,Neel,Johal,Gastroenterologist,4,1998838,1722329716,doctor423@hospital.com,2010-09-15
424,121,Champak,Badami,Gastroenterologist,16,1128163,4522801561,doctor424@hospital.com,2017-10-04
425,122,Vidhi,Kuruvilla,Dermatologist,5,2924515,5084289107,doctor425@hospital.com,2022-02-24
426,122,Harsh,Barman,Dermatologist,14,3059468,2135247871,doctor426@hospital.com,2022-11-25
427,122,Jason,Jaggi,Dermatologist,14,1577267,6037548214,doctor427@hospital.com,2019-02-09
428,123,Yatan,Doshi,Urologist,10,3099728,3266678507,doctor428@hospital.com,2025-05-23
429,123,Frado,Nigam,Urologist,1,1762974,6260602908,doctor429@hospital.com,2024-03-26
430,123,Daksha,Murthy,Urologist,10,1145226,0489267389,doctor430@hospital.com,2024-04-09
431,123,Nidhi,Hora,Urologist,35,1651319,1085628843,doctor431@hospital.com,2012-10-06
432,124,Harini,Dutta,Oncologist,8,3372676,0894346810,doctor432@hospital.com,2013-08-10
433,124,Champak,Dash,Oncologist,2,1152822,4907539989,doctor433@hospital.com,2012-03-17
434,124,Logan,Purohit,Oncologist,1,2102577,1589357126,doctor434@hospital.com,2007-10-06
435,125,Kalpit,Soni,Pediatrician,21,666190,7158698864,doctor435@hospital.com,2026-06-13
436,125,Vrishti,Saha,Pediatrician,12,1713032,2827728813,doctor436@hospital.com,2021-06-13
437,125,Kala,Dani,Pediatrician,4,1131663,1159408215,doctor437@hospital.com,2012-05-25
438,126,Ayaan,Dhar,Cardiologist,34,1076679,9604432701,doctor438@hospital.com,2023-12-05
439,126,Omisha,Srivastava,Cardiologist,5,2597520,9756792287,doctor439@hospital.com,2023-11-05
440,126,Eshana,Chakraborty,Cardiologist,29,2118501,6365807412,doctor440@hospital.com,2017-09-27
441,126,Jatin,Chada,Cardiologist,33,3090015,9890983780,doctor441@hospital.com,2025-10-07
442,126,Anvi,Jha,Cardiologist,7,2495848,9718956907,doctor442@hospital.com,2010-02-16
443,127,Arjun,Wable,Pulmonologist,3,3363639,6411182422,doctor443@hospital.com,2012-08-27
444,127,Nikita,Gara,Pulmonologist,34,1865129,9520046152,doctor444@hospital.com,2014-01-11
445,127,Jai,Ben,Pulmonologist,30,3298366,3993788614,doctor445@hospital.com,2017-07-31
446,128,Dominic,Sule,Neurologist,4,2608995,6304891382,doctor446@hospital.com,2015-06-09
447,128,Xiti,Jani,Neurologist,26,2387921,5823868700,doctor447@hospital.com,2019-07-31
448,129,Oliver,Acharya,Nephrologist,32,2460435,7494653984,doctor448@hospital.com,2017-10-12
449,129,Charita,Chakraborty,Nephrologist,5,938859,1284639855,doctor449@hospital.com,2011-06-09
450,130,Ekanta,Om,Ophthalmologist,10,875491,7950209700,doctor450@hospital.com,2024-06-03
451,130,Vrinda,Ramaswamy,Ophthalmologist,9,1753500,1807156956,doctor451@hospital.com,2015-10-09
452,130,Reyansh,Saxena,Ophthalmologist,21,2197628,3045319433,doctor452@hospital.com,2012-02-18
453,130,Shaurya,Amble,Ophthalmologist,34,1836890,6149872839,doctor453@hospital.com,2007-10-29
454,131,Kabir,Bhattacharyya,Neurologist,33,3139344,4938430894,doctor454@hospital.com,2025-04-11
455,131,Charles,Naidu,Neurologist,28,1015984,6418775803,doctor455@hospital.com,2017-03-02
456,131,Diya,Ahluwalia,Neurologist,8,3346065,3519036133,doctor456@hospital.com,2007-10-11
457,131,Gunbir,Bala,Neurologist,14,2403844,6095431735,doctor457@hospital.com,2022-05-26
458,131,Elijah,Sarna,Neurologist,29,1558371,7911006512,doctor458@hospital.com,2012-07-19
459,132,Rachana,Bhatti,General Physician,22,2502112,0804661963,doctor459@hospital.com,2015-08-03
460,132,Ucchal,Sangha,General Physician,26,2344787,5078593110,doctor460@hospital.com,2022-04-22
461,132,Rishi,Date,General Physician,7,1910922,5679723200,doctor461@hospital.com,2015-03-27
462,132,Ishita,Mukhopadhyay,General Physician,28,1910818,2749545089,doctor462@hospital.com,2016-08-29
463,132,Chatura,Sami,General Physician,17,2169932,3331537795,doctor463@hospital.com,2018-11-03
464,133,Omya,Narasimhan,Orthopedic Surgeon,31,881577,1707303379,doctor464@hospital.com,2021-03-18
465,133,Garima,Prashad,Orthopedic Surgeon,6,958044,6205015081,doctor465@hospital.com,2010-05-29
466,133,Jagvi,Bassi,Orthopedic Surgeon,6,2411421,3342342583,doctor466@hospital.com,2010-01-15
467,134,Adweta,Chaudhuri,Pulmonologist,24,1145743,2615347355,doctor467@hospital.com,2024-02-25
468,134,Dhruv,Dani,Pulmonologist,4,3059812,2338655963,doctor468@hospital.com,2010-04-20
469,135,Chaitaly,Dixit,Psychiatrist,8,2323056,3042897317,doctor469@hospital.com,2016-09-09
470,135,Yashodhara,Prasad,Psychiatrist,23,3390640,8725587774,doctor470@hospital.com,2019-07-07
471,135,Sarthak,Kanda,Psychiatrist,28,815780,7363466925,doctor471@hospital.com,2009-03-16
472,135,Frado,Merchant,Psychiatrist,19,3118302,8539078956,doctor472@hospital.com,2014-09-12
473,136,Widisha,Nadig,Emergency Physician,23,1034532,6027341514,doctor473@hospital.com,2019-05-23
474,136,Aradhana,Kari,Emergency Physician,33,1492291,1150835354,doctor474@hospital.com,2020-08-18
475,136,Lakshit,Lal,Emergency Physician,10,3354551,4456690782,doctor475@hospital.com,2020-12-25
476,136,Shaurya,Som,Emergency Physician,31,1540551,8987751536,doctor476@hospital.com,2015-07-09
477,137,Ayushman,Prasad,General Physician,23,2933146,9240755366,doctor477@hospital.com,2013-01-15
478,137,Arin,Balay,General Physician,24,1081863,2599996636,doctor478@hospital.com,2010-04-14
479,138,Ikbal,Narasimhan,Psychiatrist,15,2399827,4121820970,doctor479@hospital.com,2024-09-29
480,138,Libni,Mander,Psychiatrist,2,3154309,3481705802,doctor480@hospital.com,2009-08-29
481,138,Indrajit,Dayal,Psychiatrist,18,721438,7163234672,doctor481@hospital.com,2018-04-08
482,138,Yadavi,Shanker,Psychiatrist,12,1746179,3027169385,doctor482@hospital.com,2015-10-09
483,139,Balveer,Chand,Emergency Physician,22,2072298,7546926329,doctor483@hospital.com,2024-09-25
484,139,Qadim,Chandran,Emergency Physician,1,1360870,0324841376,doctor484@hospital.com,2008-01-19
485,139,Henry,Thaman,Emergency Physician,10,2975322,6724380701,doctor485@hospital.com,2021-06-09
486,139,Robert,Ranganathan,Emergency Physician,26,891862,0412577711,doctor486@hospital.com,2009-04-28
487,140,Arya,Edwin,ENT Specialist,2,984859,0912418621,doctor487@hospital.com,2015-05-02
488,140,Pranav,Kalita,ENT Specialist,34,1502332,8370816470,doctor488@hospital.com,2021-12-19
489,140,Saksham,Krish,ENT Specialist,25,2360905,3310600531,doctor489@hospital.com,2020-12-30
490,141,Chaitanya,Sagar,Pediatrician,22,1260222,5583938661,doctor490@hospital.com,2013-08-25
491,141,Oscar,Aurora,Pediatrician,24,1907101,5063731495,doctor491@hospital.com,2014-09-28
492,141,Xalak,Chaudry,Pediatrician,21,2980659,4195625257,doctor492@hospital.com,2018-09-09
493,141,Saumya,Raja,Pediatrician,6,820657,8903091436,doctor493@hospital.com,2007-09-19
494,141,Kavya,Tara,Pediatrician,10,1260224,3263039752,doctor494@hospital.com,2016-12-07
495,142,Oeshi,Mani,Gastroenterologist,6,1741282,3553380339,doctor495@hospital.com,2010-03-10
496,142,Abeer,Bhattacharyya,Gastroenterologist,29,3376372,1302321298,doctor496@hospital.com,2008-01-30
497,143,Unni,Mukhopadhyay,Pulmonologist,32,3146261,3362934497,doctor497@hospital.com,2008-02-13
498,143,Jagvi,Rao,Pulmonologist,29,2337212,2776896270,doctor498@hospital.com,2021-09-11
499,143,Charita,Yogi,Pulmonologist,18,1504161,8246747468,doctor499@hospital.com,2013-03-08
500,143,Upasna,Hayre,Pulmonologist,33,1077385,3008576665,doctor500@hospital.com,2019-05-04
501,143,Ekavir,Rege,Pulmonologist,23,2403188,1692364587,doctor501@hospital.com,2025-01-18
502,144,Yatin,Kibe,Oncologist,19,3444652,0502497243,doctor502@hospital.com,2006-10-07
503,144,George,Rajagopalan,Oncologist,32,2810121,9183626448,doctor503@hospital.com,2012-09-04
504,145,Nisha,Chakraborty,Urologist,3,1524921,9524364027,doctor504@hospital.com,2021-12-29
505,145,Omisha,Vohra,Urologist,26,3113751,4622522372,doctor505@hospital.com,2017-11-10
506,145,Simon,Grewal,Urologist,4,632241,0234679121,doctor506@hospital.com,2009-01-04
507,145,Devansh,Oommen,Urologist,14,1864244,9377100409,doctor507@hospital.com,2016-12-18
508,146,Abhimanyu,Prashad,Dermatologist,9,1671726,7759655553,doctor508@hospital.com,2018-09-25
509,146,Ishani,Narayanan,Dermatologist,19,1976244,0762091843,doctor509@hospital.com,2020-03-29
510,146,Vaishnavi,Varma,Dermatologist,8,632421,3050505739,doctor510@hospital.com,2022-05-25
511,147,Ijaya,Sangha,Ophthalmologist,28,1336917,1649328980,doctor511@hospital.com,2012-07-18
512,147,Unni,Ganguly,Ophthalmologist,9,2194705,1783332116,doctor512@hospital.com,2024-07-27
513,147,Avni,Kannan,Ophthalmologist,35,1565154,7128715399,doctor513@hospital.com,2024-09-20
514,147,Lakshmi,Sarkar,Ophthalmologist,33,2943456,3414111593,doctor514@hospital.com,2009-01-24
515,147,Dhriti,Rai,Ophthalmologist,23,902306,4098366552,doctor515@hospital.com,2010-12-17
516,148,Megha,Andra,General Physician,3,2429637,5243772942,doctor516@hospital.com,2012-09-11
517,148,Jatin,Mahal,General Physician,2,2528349,3746052330,doctor517@hospital.com,2012-07-01
518,148,Nathaniel,Bains,General Physician,5,1913071,5675661844,doctor518@hospital.com,2008-06-18
519,148,Ekiya,Bhagat,General Physician,28,3005012,7292774233,doctor519@hospital.com,2021-01-14
520,148,Harsh,Divan,General Physician,26,3284948,6201572018,doctor520@hospital.com,2025-11-29
521,149,Netra,Konda,Gastroenterologist,19,1083072,1367492617,doctor521@hospital.com,2013-11-12
522,149,Jagdish,Dada,Gastroenterologist,26,687478,1783099974,doctor522@hospital.com,2014-03-13
523,149,Radha,Misra,Gastroenterologist,21,1320888,1518260688,doctor523@hospital.com,2016-11-23
524,149,Jeet,Johal,Gastroenterologist,30,3492434,2920875102,doctor524@hospital.com,2008-04-10
525,149,Aahana,Banerjee,Gastroenterologist,24,969643,1845826034,doctor525@hospital.com,2019-09-14
526,150,Sai,Dey,Neurologist,7,1620543,5859883103,doctor526@hospital.com,2012-07-06
527,150,Tanveer,Desai,Neurologist,28,3069905,9542961844,doctor527@hospital.com,2015-08-22
528,150,Aachal,Sandal,Neurologist,26,2797658,8314359892,doctor528@hospital.com,2026-05-14
529,150,Radha,Raghavan,Neurologist,6,2259965,9314181861,doctor529@hospital.com,2024-09-14
530,150,Anjali,Dhingra,Neurologist,20,2024021,4016361128,doctor530@hospital.com,2008-06-05
531,151,Ikshita,Manda,Pediatrician,22,1305199,9102562588,doctor531@hospital.com,2018-05-13
532,151,Aashi,Andra,Pediatrician,5,2741122,2269405396,doctor532@hospital.com,2026-03-30
533,151,Upadhriti,Thakkar,Pediatrician,8,2825517,4683414651,doctor533@hospital.com,2025-06-01
534,152,Noah,Bhandari,Pulmonologist,23,2072619,4870682778,doctor534@hospital.com,2006-10-18
535,152,Ranveer,Amble,Pulmonologist,10,1590983,8538909728,doctor535@hospital.com,2013-11-10
536,152,Kiaan,Varkey,Pulmonologist,7,1214231,0676251538,doctor536@hospital.com,2016-03-07
537,153,Alka,Kala,Nephrologist,13,1327707,9634807970,doctor537@hospital.com,2015-09-22
538,153,Chanchal,Pandya,Nephrologist,10,3349404,0526501673,doctor538@hospital.com,2024-06-27
539,153,Nirja,Dasgupta,Nephrologist,5,1343004,0243765456,doctor539@hospital.com,2008-09-10
540,153,Reva,Sarna,Nephrologist,32,2545960,2560531340,doctor540@hospital.com,2021-05-25
541,154,Azad,Dyal,Dermatologist,21,3230740,7416787256,doctor541@hospital.com,2008-09-17
542,154,Hritik,Bail,Dermatologist,21,1233161,2580305690,doctor542@hospital.com,2012-02-29
543,154,Fitan,Sanghvi,Dermatologist,29,886413,9282341436,doctor543@hospital.com,2020-07-16
544,154,Yadavi,Golla,Dermatologist,31,2454755,9231260432,doctor544@hospital.com,2010-07-06
545,154,Charan,Rai,Dermatologist,20,1752064,8433567086,doctor545@hospital.com,2011-11-26
546,155,Avni,Panchal,Cardiologist,23,2727925,3502000534,doctor546@hospital.com,2008-07-14
547,155,Qasim,Krishnan,Cardiologist,5,1901944,5541108255,doctor547@hospital.com,2018-08-12
548,156,Wazir,Majumdar,Oncologist,29,757736,9611291093,doctor548@hospital.com,2008-01-06
549,156,Hemal,Mitra,Oncologist,4,2146597,3820236848,doctor549@hospital.com,2019-02-12
550,156,Jacob,Sarin,Oncologist,19,921833,7688029424,doctor550@hospital.com,2022-05-29
551,156,Ranveer,Rao,Oncologist,6,3179532,8812786866,doctor551@hospital.com,2010-03-14
552,156,Nathaniel,Kamdar,Oncologist,33,2212636,8788443448,doctor552@hospital.com,2007-06-07
553,157,Wazir,Manne,Pediatrician,3,2486319,2424033810,doctor553@hospital.com,2013-01-03
554,157,Aishani,Deol,Pediatrician,13,1948580,9450053424,doctor554@hospital.com,2008-08-24
555,157,Lavanya,Kurian,Pediatrician,31,2702886,7354396273,doctor555@hospital.com,2024-07-24
556,157,Girik,Tandon,Pediatrician,10,859517,7223972404,doctor556@hospital.com,2020-04-07
557,157,Raghav,Boase,Pediatrician,29,1034118,1637618209,doctor557@hospital.com,2006-12-07
558,158,Agastya,Bassi,Emergency Physician,6,2716231,3142900185,doctor558@hospital.com,2016-02-16
559,158,Sachi,Gade,Emergency Physician,12,764173,5723084810,doctor559@hospital.com,2012-06-14
560,158,Yasti,Sagar,Emergency Physician,16,2436091,0303662543,doctor560@hospital.com,2009-11-28
561,158,Imaran,Kapur,Emergency Physician,29,2798102,4519515109,doctor561@hospital.com,2017-02-16
562,159,Pratyush,Sandal,Gastroenterologist,24,2163854,4945147541,doctor562@hospital.com,2012-12-03
563,159,Madhavi,Sekhon,Gastroenterologist,19,2224942,1196421522,doctor563@hospital.com,2016-05-27
564,159,Vasana,Sachdev,Gastroenterologist,27,2019214,2366878878,doctor564@hospital.com,2008-03-10
565,160,Oviya,Vyas,Cardiologist,22,876454,1350305872,doctor565@hospital.com,2013-09-26
566,160,Liam,Menon,Cardiologist,22,996386,2863330212,doctor566@hospital.com,2013-12-14
567,161,Hitesh,Borah,Neurologist,19,1656946,9202521310,doctor567@hospital.com,2021-10-29
568,161,Upma,Dey,Neurologist,10,1998221,7657041200,doctor568@hospital.com,2009-09-22
569,161,Meghana,Sampath,Neurologist,6,3044186,8498436241,doctor569@hospital.com,2021-05-19
570,161,Nandini,Bhalla,Neurologist,10,2067254,6289177566,doctor570@hospital.com,2019-06-14
571,161,Robert,Madan,Neurologist,20,3351692,1159503428,doctor571@hospital.com,2018-06-17
572,162,Dayamai,Guha,Nephrologist,9,3095783,0341990970,doctor572@hospital.com,2025-05-22
573,162,Abhiram,Parikh,Nephrologist,6,1898480,6835652156,doctor573@hospital.com,2022-09-01
574,162,Mason,Bajwa,Nephrologist,25,3299006,7904227113,doctor574@hospital.com,2026-05-21
575,162,Yachana,Varty,Nephrologist,22,1136005,7254596063,doctor575@hospital.com,2008-01-07
576,162,Michael,Tank,Nephrologist,34,991970,0248171752,doctor576@hospital.com,2012-02-14
577,163,Januja,Pandit,Urologist,33,2117617,1274747219,doctor577@hospital.com,2023-09-13
578,163,Nandini,Rege,Urologist,2,2120844,7589551687,doctor578@hospital.com,2026-01-25
579,163,Dakshesh,Konda,Urologist,20,1356077,2146296136,doctor579@hospital.com,2015-11-02
580,163,Udyati,Chopra,Urologist,14,2033329,2166365155,doctor580@hospital.com,2020-07-25
581,163,Vamakshi,Contractor,Urologist,32,1405328,7082723590,doctor581@hospital.com,2025-03-31
582,164,Janaki,Sani,Pulmonologist,9,1249887,3030644212,doctor582@hospital.com,2008-02-25
583,164,Siya,Saini,Pulmonologist,5,1840641,4201654235,doctor583@hospital.com,2017-03-24
584,164,Naveen,Sarkar,Pulmonologist,7,2729404,9608931992,doctor584@hospital.com,2009-07-12
585,165,Tara,Divan,Psychiatrist,22,3192211,5164807279,doctor585@hospital.com,2021-06-07
586,165,Raghav,Salvi,Psychiatrist,9,3105033,9635339055,doctor586@hospital.com,2016-07-23
587,166,Jeet,Tata,Orthopedic Surgeon,10,1280514,6655868512,doctor587@hospital.com,2010-01-21
588,166,Nicholas,Sarin,Orthopedic Surgeon,12,3220351,4649111109,doctor588@hospital.com,2021-07-08
589,166,Harish,Sawhney,Orthopedic Surgeon,11,2435735,4633786137,doctor589@hospital.com,2014-10-11
590,166,Meghana,Amble,Orthopedic Surgeon,3,2323265,3844446306,doctor590@hospital.com,2009-08-02
591,166,Kavya,Venkataraman,Orthopedic Surgeon,24,3436871,5296386396,doctor591@hospital.com,2009-02-04
592,167,Madhavi,Ghose,ENT Specialist,29,3161022,5826312819,doctor592@hospital.com,2009-09-12
593,167,Ekantika,Jani,ENT Specialist,19,2482940,1060920981,doctor593@hospital.com,2021-05-13
594,167,Kalpit,Setty,ENT Specialist,15,2839805,2334383640,doctor594@hospital.com,2019-01-25
595,168,Harshil,Choudhry,Ophthalmologist,20,2567194,9112442117,doctor595@hospital.com,2008-07-13
596,168,Anthony,Sachdev,Ophthalmologist,13,2142836,7136657224,doctor596@hospital.com,2019-02-22
597,168,Azad,Dalal,Ophthalmologist,29,2536426,5799802841,doctor597@hospital.com,2017-03-28
598,169,Zarna,Vala,Pulmonologist,25,2709343,3513052312,doctor598@hospital.com,2010-07-03
599,169,George,Pall,Pulmonologist,34,2355990,7768634234,doctor599@hospital.com,2022-05-19
600,169,Devika,Gandhi,Pulmonologist,11,1437592,7676945919,doctor600@hospital.com,2017-11-10
601,169,Kashvi,Bhatt,Pulmonologist,9,1648589,2084964985,doctor601@hospital.com,2010-02-12
602,170,Ekantika,Sanghvi,Ophthalmologist,31,2156976,5313552510,doctor602@hospital.com,2010-10-17
603,170,Ekanta,Kaul,Ophthalmologist,7,2763880,6493831849,doctor603@hospital.com,2020-02-28
604,171,Radhika,Nadkarni,Pediatrician,19,951797,3307704611,doctor604@hospital.com,2013-01-20
605,171,Leela,Khalsa,Pediatrician,11,1744169,4090742608,doctor605@hospital.com,2019-06-01
606,172,Ekaraj,Singhal,General Physician,33,1218025,6445561857,doctor606@hospital.com,2012-06-27
607,172,Suhani,Tak,General Physician,28,984674,5910300215,doctor607@hospital.com,2008-04-11
608,172,Jyoti,Yogi,General Physician,15,2492167,0401041459,doctor608@hospital.com,2025-01-06
609,172,Triveni,Dar,General Physician,23,711862,5296718839,doctor609@hospital.com,2012-12-15
610,172,Vasudha,Kara,General Physician,27,823375,4415833117,doctor610@hospital.com,2019-12-05
611,173,Upadhriti,Rajan,Orthopedic Surgeon,33,2168508,7153988547,doctor611@hospital.com,2024-10-19
612,173,Theodore,Patla,Orthopedic Surgeon,16,2219698,7983631462,doctor612@hospital.com,2009-06-18
613,173,Hredhaan,Choudhary,Orthopedic Surgeon,6,2172497,0724078754,doctor613@hospital.com,2013-08-10
614,173,Simon,Dora,Orthopedic Surgeon,15,718227,8685074510,doctor614@hospital.com,2012-05-25
615,173,Neha,Goda,Orthopedic Surgeon,21,1015584,8978610313,doctor615@hospital.com,2018-01-09
616,174,William,Bhatti,Emergency Physician,10,1177134,4396661347,doctor616@hospital.com,2013-06-21
617,174,Bhavna,Mani,Emergency Physician,3,1803259,1289743251,doctor617@hospital.com,2024-07-07
618,174,Lucky,Arya,Emergency Physician,31,1182138,6502412095,doctor618@hospital.com,2016-04-14
619,174,Yug,Sodhi,Emergency Physician,31,2481570,0094388221,doctor619@hospital.com,2015-07-28
620,175,Indali,Kurian,Psychiatrist,6,679708,4570545897,doctor620@hospital.com,2021-01-30
621,175,Ansh,Divan,Psychiatrist,17,1504521,3257039653,doctor621@hospital.com,2019-04-17
622,176,Anusha,Sengupta,Urologist,34,2375259,4556964430,doctor622@hospital.com,2023-03-15
623,176,Jason,Sant,Urologist,8,1808385,9541072728,doctor623@hospital.com,2019-10-21
624,176,Chavvi,Sur,Urologist,16,1863119,1407034910,doctor624@hospital.com,2015-02-15
625,177,Aadi,Bedi,ENT Specialist,4,1600087,2548821423,doctor625@hospital.com,2012-05-02
626,177,Azad,Solanki,ENT Specialist,27,3279957,3666144942,doctor626@hospital.com,2022-08-09
627,178,Liam,Iyengar,Nephrologist,5,1064971,2683441497,doctor627@hospital.com,2022-03-02
628,178,Rajeshri,Char,Nephrologist,32,3102904,8758575676,doctor628@hospital.com,2024-10-08
629,178,Avi,Sama,Nephrologist,35,668934,2943985298,doctor629@hospital.com,2021-08-16
630,178,Maya,Dass,Nephrologist,33,3011923,0787010415,doctor630@hospital.com,2017-10-29
631,178,Garima,Bhat,Nephrologist,16,1202204,9803828723,doctor631@hospital.com,2020-11-25
632,179,Abeer,Sundaram,Pediatrician,28,606561,1102918133,doctor632@hospital.com,2023-03-05
633,179,Sachi,Raman,Pediatrician,23,1608999,1467238497,doctor633@hospital.com,2009-06-11
634,179,Anthony,Goyal,Pediatrician,27,1385651,3288377441,doctor634@hospital.com,2019-11-15
635,179,Mahika,Raju,Pediatrician,6,2795653,7662047196,doctor635@hospital.com,2007-03-14
636,180,Sai,Basak,Neurologist,5,2806453,2774025883,doctor636@hospital.com,2016-10-11
637,180,Owen,Doshi,Neurologist,35,2727886,9572446176,doctor637@hospital.com,2018-01-14
638,180,Yashica,Vora,Neurologist,33,2924281,2599599610,doctor638@hospital.com,2008-06-13
639,180,Hitesh,Tata,Neurologist,2,2237681,5331266109,doctor639@hospital.com,2023-06-15
640,181,Elijah,Sathe,Psychiatrist,3,3266196,9025176298,doctor640@hospital.com,2016-05-04
641,181,Bhavika,Kar,Psychiatrist,25,2165743,2683190130,doctor641@hospital.com,2022-01-02
642,181,Ekbal,Oak,Psychiatrist,17,668124,8733978559,doctor642@hospital.com,2015-04-19
643,181,Krisha,Bobal,Psychiatrist,23,883365,2841173098,doctor643@hospital.com,2022-12-11
644,181,Bimala,Krishnamurthy,Psychiatrist,23,1611355,5124189389,doctor644@hospital.com,2018-11-22
645,182,Indrajit,Sinha,Pulmonologist,22,1159560,0056435023,doctor645@hospital.com,2011-03-26
646,182,Elijah,Banik,Pulmonologist,3,2077649,1699187240,doctor646@hospital.com,2016-09-02
647,183,Inaya,Sankar,ENT Specialist,12,3471766,4300038960,doctor647@hospital.com,2014-04-05
648,183,Krishna,Dass,ENT Specialist,30,2607105,6821719553,doctor648@hospital.com,2011-04-13
649,183,George,Anne,ENT Specialist,12,1165612,6890030102,doctor649@hospital.com,2007-05-24
650,183,Inaya,Konda,ENT Specialist,5,2519647,2967111483,doctor650@hospital.com,2015-05-23
651,184,Chasmum,Peri,Dermatologist,19,1445533,3845881056,doctor651@hospital.com,2008-02-02
652,184,Laksh,Verma,Dermatologist,3,1436637,4831520377,doctor652@hospital.com,2023-03-31
653,185,Anamika,Mall,Nephrologist,21,1900552,4104967066,doctor653@hospital.com,2010-08-19
654,185,Qarin,Sankar,Nephrologist,33,2270272,4085095493,doctor654@hospital.com,2015-03-14
655,186,Prisha,Bhandari,General Physician,17,753598,8648769984,doctor655@hospital.com,2021-06-06
656,186,Wazir,Deo,General Physician,13,1800036,4413845960,doctor656@hospital.com,2011-11-23
657,186,Zashil,Arora,General Physician,23,800504,4954277070,doctor657@hospital.com,2016-02-14
658,186,Tejas,Rege,General Physician,22,1745953,9149851724,doctor658@hospital.com,2009-01-23
659,186,Owen,Din,General Physician,8,2143584,3102879508,doctor659@hospital.com,2026-01-09
660,187,Amol,Pandit,Gastroenterologist,26,2444389,9351187181,doctor660@hospital.com,2017-12-04
661,187,Ojasvi,Bora,Gastroenterologist,25,2022022,4205955657,doctor661@hospital.com,2009-09-22
662,187,Chaitanya,Mannan,Gastroenterologist,12,2681227,9019358895,doctor662@hospital.com,2007-03-04
663,187,Mason,Raj,Gastroenterologist,32,2140764,1398986818,doctor663@hospital.com,2019-09-14
664,187,Zinal,Sastry,Gastroenterologist,34,1718707,4394353537,doctor664@hospital.com,2015-06-02
665,188,Nimrat,Pathak,Emergency Physician,28,931043,5881579376,doctor665@hospital.com,2025-01-12
666,188,Yash,Reddy,Emergency Physician,28,3126872,9445511668,doctor666@hospital.com,2019-03-04
667,189,Rudra,Gole,Cardiologist,35,1832145,0216487120,doctor667@hospital.com,2026-04-26
668,189,Kevin,Varma,Cardiologist,21,1030326,6526834155,doctor668@hospital.com,2008-09-03
669,189,Chakradev,Borah,Cardiologist,6,1975395,7676472298,doctor669@hospital.com,2018-05-22
670,190,Kala,Setty,Cardiologist,20,2470306,5728941347,doctor670@hospital.com,2016-11-14
671,190,Yashoda,Sandhu,Cardiologist,28,1298958,5652203684,doctor671@hospital.com,2008-07-04
672,190,Bhavani,Gandhi,Cardiologist,29,2074494,4477324491,doctor672@hospital.com,2008-06-09
673,190,Yashoda,Ganguly,Cardiologist,29,777650,9088307053,doctor673@hospital.com,2021-02-27
674,191,Jonathan,Setty,ENT Specialist,28,1751568,1176741241,doctor674@hospital.com,2021-01-24
675,191,Eta,Dugar,ENT Specialist,4,914745,4781506185,doctor675@hospital.com,2025-07-02
676,191,Abhiram,Korpal,ENT Specialist,26,2123837,9633472727,doctor676@hospital.com,2019-03-20
677,191,Gaurang,Varty,ENT Specialist,33,3449654,0617893206,doctor677@hospital.com,2019-02-20
678,192,Wahab,Palla,Nephrologist,2,1198860,8243477695,doctor678@hospital.com,2008-06-13
679,192,Isaiah,Mani,Nephrologist,29,745957,7536127515,doctor679@hospital.com,2023-04-28
680,192,Vrinda,Sabharwal,Nephrologist,9,881997,0448360854,doctor680@hospital.com,2022-09-12
681,193,Pavani,Rastogi,Dermatologist,24,2118969,0473504763,doctor681@hospital.com,2010-08-23
682,193,Imaran,Narayan,Dermatologist,25,2979196,9800615581,doctor682@hospital.com,2013-10-05
683,193,Rushil,Dugar,Dermatologist,3,3137951,3425563830,doctor683@hospital.com,2008-07-26
684,194,Mitali,Sundaram,Neurologist,29,2155937,2440330416,doctor684@hospital.com,2023-10-04
685,194,Faraj,Borah,Neurologist,24,2462016,0089219639,doctor685@hospital.com,2016-10-06
686,194,Arin,Mittal,Neurologist,5,3007202,7314976461,doctor686@hospital.com,2012-02-02
687,195,Bhavani,Walla,Pediatrician,34,2139099,6076581739,doctor687@hospital.com,2015-06-17
688,195,Vansha,Chopra,Pediatrician,26,1918628,5211823793,doctor688@hospital.com,2018-11-06
689,195,Urvashi,Virk,Pediatrician,18,1646947,0746452059,doctor689@hospital.com,2011-11-18
690,196,Shaurya,Suresh,Emergency Physician,2,1380342,5357788116,doctor690@hospital.com,2021-08-28
691,196,Neel,Venkatesh,Emergency Physician,32,2771581,2371067287,doctor691@hospital.com,2014-07-04
692,197,Chaman,Dalal,General Physician,8,1697970,4485959224,doctor692@hospital.com,2025-07-23
693,197,Kamya,Venkataraman,General Physician,17,2471805,7735228705,doctor693@hospital.com,2015-12-05
694,197,Abdul,Muni,General Physician,14,3166398,3187510979,doctor694@hospital.com,2019-03-31
695,197,Upkaar,Pai,General Physician,19,2660242,3446945964,doctor695@hospital.com,2008-01-25
696,197,Michael,Chauhan,General Physician,13,1114378,4249128965,doctor696@hospital.com,2012-01-24
